Country,Code,Year,Mismanaged plastic waste per capita (kg per year),"GDP per capita, PPP (constant 2017 international $)"
Afghanistan,AFG,2002,,1280.46
Afghanistan,AFG,2003,,1292.33
Afghanistan,AFG,2004,,1260.06
Afghanistan,AFG,2005,,1352.32
Afghanistan,AFG,2006,,1366.99
Afghanistan,AFG,2007,,1528.34
Afghanistan,AFG,2008,,1556.84
Afghanistan,AFG,2009,,1823.74
Afghanistan,AFG,2010,,2026.16
Afghanistan,AFG,2011,,1961.1
Afghanistan,AFG,2012,,2122.83
Afghanistan,AFG,2013,,2165.34
Afghanistan,AFG,2014,,2144.45
Afghanistan,AFG,2015,,2108.71
Afghanistan,AFG,2016,,2101.42
Afghanistan,AFG,2017,,2096.09
Afghanistan,AFG,2018,,2060.7
Afghanistan,AFG,2019,,2079.92
Afghanistan,AFG,2020,,1968.34
Afghanistan,AFG,2021,,1516.31
Armenia,ARM,1990,,5153.3
Armenia,ARM,1991,,4473.52
Armenia,ARM,1992,,2634.96
Armenia,ARM,1993,,2484.55
Armenia,ARM,1994,,2683.64
Armenia,ARM,1995,,2912.78
Armenia,ARM,1996,,3105.95
Armenia,ARM,1997,,3236.06
Armenia,ARM,1998,,3505.37
Armenia,ARM,1999,,3660.03
Armenia,ARM,2000,,3921.86
Armenia,ARM,2001,,4346.91
Armenia,ARM,2002,,4965.22
Armenia,ARM,2003,,5698.78
Armenia,ARM,2004,,6334.86
Armenia,ARM,2005,,7259.2
Armenia,ARM,2006,,8273.79
Armenia,ARM,2007,,9476.47
Armenia,ARM,2008,,10201.56
Armenia,ARM,2009,,8819.68
Armenia,ARM,2010,,9068.79
Armenia,ARM,2011,,9551.16
Armenia,ARM,2012,,10289.98
Armenia,ARM,2013,,10677.3
Armenia,ARM,2014,,11105.53
Armenia,ARM,2015,,11506.04
Armenia,ARM,2016,,11580.38
Armenia,ARM,2017,,12509.64
Armenia,ARM,2018,,13231.43
Armenia,ARM,2019,,14317.55
Armenia,ARM,2020,,13357.7
Armenia,ARM,2021,,14193.12
Azerbaijan,AZE,1990,,7616.91
Azerbaijan,AZE,1991,,7463.63
Azerbaijan,AZE,1992,,5690.18
Azerbaijan,AZE,1993,,4309.92
Azerbaijan,AZE,1994,,3414.51
Azerbaijan,AZE,1995,,2977
Azerbaijan,AZE,1996,,2985.34
Azerbaijan,AZE,1997,,3128.16
Azerbaijan,AZE,1998,,3408.48
Azerbaijan,AZE,1999,,3628.72
Azerbaijan,AZE,2000,,3998.52
Azerbaijan,AZE,2001,,4360.46
Azerbaijan,AZE,2002,,4736.56
Azerbaijan,AZE,2003,,5180.69
Azerbaijan,AZE,2004,,5610.76
Azerbaijan,AZE,2005,,7106.6
Azerbaijan,AZE,2006,,9453.94
Azerbaijan,AZE,2007,,11684.19
Azerbaijan,AZE,2008,,12672.38
Azerbaijan,AZE,2009,,13565.86
Azerbaijan,AZE,2010,,14082.24
Azerbaijan,AZE,2011,,13913.84
Azerbaijan,AZE,2012,,14027.47
Azerbaijan,AZE,2013,,14651.69
Azerbaijan,AZE,2014,,14867.94
Azerbaijan,AZE,2015,,14852.61
Azerbaijan,AZE,2016,,14232.19
Azerbaijan,AZE,2017,,14121.41
Azerbaijan,AZE,2018,,14209.59
Azerbaijan,AZE,2019,,14442.04
Azerbaijan,AZE,2020,,13726.77
Azerbaijan,AZE,2021,,14431.66
Bahrain,BHR,2019,0.64,49768.98
Bahrain,BHR,1990,,36997.73
Bahrain,BHR,1991,,39769.31
Bahrain,BHR,1992,,40971.73
Bahrain,BHR,1993,,44690.41
Bahrain,BHR,1994,,43113.48
Bahrain,BHR,1995,,43369.15
Bahrain,BHR,1996,,43737.19
Bahrain,BHR,1997,,43716.02
Bahrain,BHR,1998,,44458.44
Bahrain,BHR,1999,,45053.75
Bahrain,BHR,2000,,46154.03
Bahrain,BHR,2001,,46084.93
Bahrain,BHR,2002,,46478.21
Bahrain,BHR,2003,,47504.56
Bahrain,BHR,2004,,47455.24
Bahrain,BHR,2005,,46821.02
Bahrain,BHR,2006,,46303.49
Bahrain,BHR,2007,,46792.18
Bahrain,BHR,2008,,46588.64
Bahrain,BHR,2009,,44972.75
Bahrain,BHR,2010,,45600.07
Bahrain,BHR,2011,,46564.71
Bahrain,BHR,2012,,47793.53
Bahrain,BHR,2013,,48915.53
Bahrain,BHR,2014,,49117.99
Bahrain,BHR,2015,,48453.73
Bahrain,BHR,2016,,48486.31
Bahrain,BHR,2017,,48929.45
Bahrain,BHR,2018,,48937.66
Bahrain,BHR,2020,,47847.84
Bahrain,BHR,2021,,49387.42
Bangladesh,BGD,2019,6.27,5467.21
Bangladesh,BGD,1990,,1730.37
Bangladesh,BGD,1991,,1756.33
Bangladesh,BGD,1992,,1818.15
Bangladesh,BGD,1993,,1867.78
Bangladesh,BGD,1994,,1903.58
Bangladesh,BGD,1995,,1964.06
Bangladesh,BGD,1996,,2017.21
Bangladesh,BGD,1997,,2070.44
Bangladesh,BGD,1998,,2137.15
Bangladesh,BGD,1999,,2194.53
Bangladesh,BGD,2000,,2267.08
Bangladesh,BGD,2001,,2337.36
Bangladesh,BGD,2002,,2382.28
Bangladesh,BGD,2003,,2451.99
Bangladesh,BGD,2004,,2537.95
Bangladesh,BGD,2005,,2663.1
Bangladesh,BGD,2006,,2806.59
Bangladesh,BGD,2007,,2973.28
Bangladesh,BGD,2008,,3124.23
Bangladesh,BGD,2009,,3253.09
Bangladesh,BGD,2010,,3395.36
Bangladesh,BGD,2011,,3571.06
Bangladesh,BGD,2012,,3756.93
Bangladesh,BGD,2013,,3932.71
Bangladesh,BGD,2014,,4119.43
Bangladesh,BGD,2015,,4337.39
Bangladesh,BGD,2016,,4589.09
Bangladesh,BGD,2017,,4830.78
Bangladesh,BGD,2018,,5124.5
Bangladesh,BGD,2020,,5591.37
Bangladesh,BGD,2021,,5911.01
Bhutan,BTN,1990,,2737.99
Bhutan,BTN,1991,,2682.31
Bhutan,BTN,1992,,2917.58
Bhutan,BTN,1993,,3118.96
Bhutan,BTN,1994,,3270.75
Bhutan,BTN,1995,,3460.46
Bhutan,BTN,1996,,3585.36
Bhutan,BTN,1997,,3713.29
Bhutan,BTN,1998,,3860.35
Bhutan,BTN,1999,,4067.47
Bhutan,BTN,2000,,4087.83
Bhutan,BTN,2001,,4311.45
Bhutan,BTN,2002,,4663.13
Bhutan,BTN,2003,,4904.51
Bhutan,BTN,2004,,5076.32
Bhutan,BTN,2005,,5336.78
Bhutan,BTN,2006,,5626.05
Bhutan,BTN,2007,,6577.43
Bhutan,BTN,2008,,6811.93
Bhutan,BTN,2009,,7188.86
Bhutan,BTN,2010,,7958.23
Bhutan,BTN,2011,,8499.35
Bhutan,BTN,2012,,8837.58
Bhutan,BTN,2013,,8929.05
Bhutan,BTN,2014,,9349.04
Bhutan,BTN,2015,,9877.25
Bhutan,BTN,2016,,10587.57
Bhutan,BTN,2017,,10986.89
Bhutan,BTN,2018,,11233.78
Bhutan,BTN,2019,,11797.28
Bhutan,BTN,2020,,10547.05
Bhutan,BTN,2021,,10907.86
Brunei,BRN,2019,1.6,61424.36
Brunei,BRN,1990,,70358.73
Brunei,BRN,1991,,70439.06
Brunei,BRN,1992,,71781.1
Brunei,BRN,1993,,70154.42
Brunei,BRN,1994,,70570.96
Brunei,BRN,1995,,71966.09
Brunei,BRN,1996,,72320.98
Brunei,BRN,1997,,69660.19
Brunei,BRN,1998,,67770.17
Brunei,BRN,1999,,68366.66
Brunei,BRN,2000,,68865.79
Brunei,BRN,2001,,69338.92
Brunei,BRN,2002,,70631.88
Brunei,BRN,2003,,71331.75
Brunei,BRN,2004,,70415.42
Brunei,BRN,2005,,69482.38
Brunei,BRN,2006,,71352.88
Brunei,BRN,2007,,70342.41
Brunei,BRN,2008,,67934.06
Brunei,BRN,2009,,65753.41
Brunei,BRN,2010,,66484.24
Brunei,BRN,2011,,68037.52
Brunei,BRN,2012,,67792.76
Brunei,BRN,2013,,65534.68
Brunei,BRN,2014,,63131.19
Brunei,BRN,2015,,62170.09
Brunei,BRN,2016,,59980.99
Brunei,BRN,2017,,60173.05
Brunei,BRN,2018,,59650.23
Brunei,BRN,2020,,61603.55
Brunei,BRN,2021,,60127.02
Cambodia,KHM,2019,15.01,4464.29
Cambodia,KHM,1993,,1716.84
Cambodia,KHM,1994,,1077.9
Cambodia,KHM,1995,,1153.93
Cambodia,KHM,1996,,1193.23
Cambodia,KHM,1997,,1214.01
Cambodia,KHM,1998,,1244.98
Cambodia,KHM,1999,,1376.05
Cambodia,KHM,2000,,1486.11
Cambodia,KHM,2001,,1578.63
Cambodia,KHM,2002,,1652.54
Cambodia,KHM,2003,,1761.42
Cambodia,KHM,2004,,1909.42
Cambodia,KHM,2005,,2124.84
Cambodia,KHM,2006,,2313.33
Cambodia,KHM,2007,,2505.52
Cambodia,KHM,2008,,2629.26
Cambodia,KHM,2009,,2592.16
Cambodia,KHM,2010,,2706.99
Cambodia,KHM,2011,,2856.53
Cambodia,KHM,2012,,3021.33
Cambodia,KHM,2013,,3197.53
Cambodia,KHM,2014,,3378.36
Cambodia,KHM,2015,,3565.25
Cambodia,KHM,2016,,3761.91
Cambodia,KHM,2017,,3972.72
Cambodia,KHM,2018,,4217.62
Cambodia,KHM,2020,,4276.18
Cambodia,KHM,2021,,4354.57
China,CHN,2019,8.56,15977.76
China,CHN,1990,,1423.9
China,CHN,1991,,1534.71
China,CHN,1992,,1731.66
China,CHN,1993,,1949.53
China,CHN,1994,,2178.92
China,CHN,1995,,2391.48
China,CHN,1996,,2601.36
China,CHN,1997,,2812.71
China,CHN,1998,,3004.43
China,CHN,1999,,3206.73
China,CHN,2000,,3451.68
China,CHN,2001,,3712.34
China,CHN,2002,,4024.36
China,CHN,2003,,4400.83
China,CHN,2004,,4817.21
China,CHN,2005,,5334.65
China,CHN,2006,,5979.78
China,CHN,2007,,6795.17
China,CHN,2008,,7412.87
China,CHN,2009,,8069.35
China,CHN,2010,,8884.59
China,CHN,2011,,9680.1
China,CHN,2012,,10370.73
China,CHN,2013,,11101.94
China,CHN,2014,,11851.4
China,CHN,2015,,12612.35
China,CHN,2016,,13399.14
China,CHN,2017,,14243.53
China,CHN,2018,,15134
China,CHN,2020,,16296.78
China,CHN,2021,,17602.7
Cyprus,CYP,2019,0.7,41746.92
Cyprus,CYP,1990,,25237.12
Cyprus,CYP,1991,,24774.08
Cyprus,CYP,1992,,26391.29
Cyprus,CYP,1993,,25941.95
Cyprus,CYP,1994,,26910.15
Cyprus,CYP,1995,,28636.58
Cyprus,CYP,1996,,28535.67
Cyprus,CYP,1997,,28877.02
Cyprus,CYP,1998,,30268.24
Cyprus,CYP,1999,,31427.4
Cyprus,CYP,2000,,32949.79
Cyprus,CYP,2001,,33884.95
Cyprus,CYP,2002,,34745.98
Cyprus,CYP,2003,,35226.73
Cyprus,CYP,2004,,36505.75
Cyprus,CYP,2005,,37730.07
Cyprus,CYP,2006,,38854.91
Cyprus,CYP,2007,,39975.53
Cyprus,CYP,2008,,40405.9
Cyprus,CYP,2009,,38542.92
Cyprus,CYP,2010,,38405.41
Cyprus,CYP,2011,,37593.93
Cyprus,CYP,2012,,35749.05
Cyprus,CYP,2013,,33471.81
Cyprus,CYP,2014,,33241.19
Cyprus,CYP,2015,,34573.97
Cyprus,CYP,2016,,36678.1
Cyprus,CYP,2017,,38421.97
Cyprus,CYP,2018,,40099.84
Cyprus,CYP,2020,,39471.58
Cyprus,CYP,2021,,41701.7
Georgia,GEO,2019,0.08,14989.26
Georgia,GEO,1990,,11135.46
Georgia,GEO,1991,,8724.29
Georgia,GEO,1992,,4770
Georgia,GEO,1993,,3346.57
Georgia,GEO,1994,,3045.04
Georgia,GEO,1995,,3243.85
Georgia,GEO,1996,,3740.49
Georgia,GEO,1997,,4268.7
Georgia,GEO,1998,,4511.49
Georgia,GEO,1999,,4737.41
Georgia,GEO,2000,,4919.23
Georgia,GEO,2001,,5236.22
Georgia,GEO,2002,,5572.62
Georgia,GEO,2003,,6230.82
Georgia,GEO,2004,,6632.81
Georgia,GEO,2005,,7315.2
Georgia,GEO,2006,,8049.91
Georgia,GEO,2007,,9109.9
Georgia,GEO,2008,,9358.61
Georgia,GEO,2009,,9097.42
Georgia,GEO,2010,,9736.73
Georgia,GEO,2011,,10541.47
Georgia,GEO,2012,,11295.75
Georgia,GEO,2013,,11740.09
Georgia,GEO,2014,,12254.65
Georgia,GEO,2015,,12605.14
Georgia,GEO,2016,,12963.74
Georgia,GEO,2017,,13589.71
Georgia,GEO,2018,,14253.41
Georgia,GEO,2020,,13966.33
Georgia,GEO,2021,,15486.66
Hong Kong,HKG,2019,0.78,59588.52
Hong Kong,HKG,1990,,28797.69
Hong Kong,HKG,1991,,30188.37
Hong Kong,HKG,1992,,31802.44
Hong Kong,HKG,1993,,33199.34
Hong Kong,HKG,1994,,34419.35
Hong Kong,HKG,1995,,34545.53
Hong Kong,HKG,1996,,34452.99
Hong Kong,HKG,1997,,35909.79
Hong Kong,HKG,1998,,33516.36
Hong Kong,HKG,1999,,34029.94
Hong Kong,HKG,2000,,36316.24
Hong Kong,HKG,2001,,36251.76
Hong Kong,HKG,2002,,36689.49
Hong Kong,HKG,2003,,37885.55
Hong Kong,HKG,2004,,40861.68
Hong Kong,HKG,2005,,43689.34
Hong Kong,HKG,2006,,46462.46
Hong Kong,HKG,2007,,49042.78
Hong Kong,HKG,2008,,49787.65
Hong Kong,HKG,2009,,48458.87
Hong Kong,HKG,2010,,51359.81
Hong Kong,HKG,2011,,53471.8
Hong Kong,HKG,2012,,53783.95
Hong Kong,HKG,2013,,55229.61
Hong Kong,HKG,2014,,56358.04
Hong Kong,HKG,2015,,57214.69
Hong Kong,HKG,2016,,58098.4
Hong Kong,HKG,2017,,59842.22
Hong Kong,HKG,2018,,61055.34
Hong Kong,HKG,2020,,55888.69
Hong Kong,HKG,2021,,59978.15
India,IND,2019,9.51,6608.62
India,IND,1990,,1819.02
India,IND,1991,,1800.01
India,IND,1992,,1859.71
India,IND,1993,,1908.58
India,IND,1994,,1994.94
India,IND,1995,,2103.73
India,IND,1996,,2218.82
India,IND,1997,,2264.8
India,IND,1998,,2359.89
India,IND,1999,,2521.58
India,IND,2000,,2571.15
India,IND,2001,,2646.88
India,IND,2002,,2699.18
India,IND,2003,,2861.57
India,IND,2004,,3037.06
India,IND,2005,,3225.54
India,IND,2006,,3432.82
India,IND,2007,,3642
India,IND,2008,,3701.4
India,IND,2009,,3937.24
India,IND,2010,,4213.36
India,IND,2011,,4374.23
India,IND,2012,,4551.86
India,IND,2013,,4780.12
India,IND,2014,,5071.05
India,IND,2015,,5411.88
India,IND,2016,,5789.68
India,IND,2017,,6112.07
India,IND,2018,,6436.15
India,IND,2020,,6114.03
India,IND,2021,,6592.04
Indonesia,IDN,2019,3.05,11857.79
Indonesia,IDN,1990,,4519.72
Indonesia,IDN,1991,,4742.62
Indonesia,IDN,1992,,4965.13
Indonesia,IDN,1993,,5200.02
Indonesia,IDN,1994,,5500.55
Indonesia,IDN,1995,,5856.21
Indonesia,IDN,1996,,6212.67
Indonesia,IDN,1997,,6401.22
Indonesia,IDN,1998,,5474.6
Indonesia,IDN,1999,,5435.76
Indonesia,IDN,2000,,5621.26
Indonesia,IDN,2001,,5744.49
Indonesia,IDN,2002,,5921.08
Indonesia,IDN,2003,,6121.67
Indonesia,IDN,2004,,6348.29
Indonesia,IDN,2005,,6625.61
Indonesia,IDN,2006,,6899.85
Indonesia,IDN,2007,,7242.02
Indonesia,IDN,2008,,7578.21
Indonesia,IDN,2009,,7828.81
Indonesia,IDN,2010,,8212.64
Indonesia,IDN,2011,,8610.53
Indonesia,IDN,2012,,9015.8
Indonesia,IDN,2013,,9402.11
Indonesia,IDN,2014,,9759.03
Indonesia,IDN,2015,,10121.84
Indonesia,IDN,2016,,10519.3
Indonesia,IDN,2017,,10941.92
Indonesia,IDN,2018,,11397.43
Indonesia,IDN,2020,,11515.74
Indonesia,IDN,2021,,11858.15
Iran,IRN,2019,5.98,14084.35
Iran,IRN,1990,,9442.25
Iran,IRN,1991,,10239.68
Iran,IRN,1992,,10331.33
Iran,IRN,1993,,10114.04
Iran,IRN,1994,,9904.1
Iran,IRN,1995,,10006.93
Iran,IRN,1996,,10503.59
Iran,IRN,1997,,10495.13
Iran,IRN,1998,,10547.84
Iran,IRN,1999,,10589.98
Iran,IRN,2000,,11026.1
Iran,IRN,2001,,11098.45
Iran,IRN,2002,,11878.86
Iran,IRN,2003,,12785.93
Iran,IRN,2004,,13126.58
Iran,IRN,2005,,13328.96
Iran,IRN,2006,,13780.73
Iran,IRN,2007,,14689.56
Iran,IRN,2008,,14525.76
Iran,IRN,2009,,14473.83
Iran,IRN,2010,,15099.46
Iran,IRN,2011,,15302.2
Iran,IRN,2012,,14541.85
Iran,IRN,2013,,14113.46
Iran,IRN,2014,,14538.52
Iran,IRN,2015,,14010.86
Iran,IRN,2016,,14968.6
Iran,IRN,2017,,15163.29
Iran,IRN,2018,,14628.95
Iran,IRN,2020,,14432.36
Iran,IRN,2021,,15004.69
Iraq,IRQ,2019,12.51,10299.32
Iraq,IRQ,1990,,7449.47
Iraq,IRQ,1991,,2650.09
Iraq,IRQ,1992,,3410.74
Iraq,IRQ,1993,,4234.24
Iraq,IRQ,1994,,4190.64
Iraq,IRQ,1995,,4136.33
Iraq,IRQ,1996,,4445.65
Iraq,IRQ,1997,,5222.93
Iraq,IRQ,1998,,6822.68
Iraq,IRQ,1999,,7763.87
Iraq,IRQ,2000,,8779.79
Iraq,IRQ,2001,,8654.45
Iraq,IRQ,2002,,7693.86
Iraq,IRQ,2003,,4726.97
Iraq,IRQ,2004,,7044.69
Iraq,IRQ,2005,,6952.89
Iraq,IRQ,2006,,7292.89
Iraq,IRQ,2007,,7493.84
Iraq,IRQ,2008,,7955.7
Iraq,IRQ,2009,,7933.82
Iraq,IRQ,2010,,8178.31
Iraq,IRQ,2011,,8493.08
Iraq,IRQ,2012,,9251.98
Iraq,IRQ,2013,,9503.88
Iraq,IRQ,2014,,9194.86
Iraq,IRQ,2015,,9371.21
Iraq,IRQ,2016,,10404.2
Iraq,IRQ,2017,,9976.85
Iraq,IRQ,2018,,9995.05
Iraq,IRQ,2020,,8919.8
Iraq,IRQ,2021,,8962.4
Israel,ISR,2019,0.71,40810.06
Israel,ISR,1995,,26668.62
Israel,ISR,1996,,27520.05
Israel,ISR,1997,,27858.4
Israel,ISR,1998,,28349.15
Israel,ISR,1999,,28556.8
Israel,ISR,2000,,30223.88
Israel,ISR,2001,,29618.42
Israel,ISR,2002,,28994.7
Israel,ISR,2003,,28872.82
Israel,ISR,2004,,29724.15
Israel,ISR,2005,,30412.08
Israel,ISR,2006,,31547.23
Israel,ISR,2007,,32861.67
Israel,ISR,2008,,33332.59
Israel,ISR,2009,,32832.73
Israel,ISR,2010,,34065.84
Israel,ISR,2011,,35301.82
Israel,ISR,2012,,35552.85
Israel,ISR,2013,,36436.38
Israel,ISR,2014,,37144.48
Israel,ISR,2015,,37321.02
Israel,ISR,2016,,38251.3
Israel,ISR,2017,,39121.3
Israel,ISR,2018,,39936.77
Israel,ISR,2020,,39351.9
Israel,ISR,2021,,42061.24
Japan,JPN,2019,0.28,41697.41
Japan,JPN,1990,,32846.39
Japan,JPN,1991,,33870.38
Japan,JPN,1992,,34048.79
Japan,JPN,1993,,33782.73
Japan,JPN,1994,,34053.52
Japan,JPN,1995,,34867.58
Japan,JPN,1996,,35878.79
Japan,JPN,1997,,36144.62
Japan,JPN,1998,,35588.63
Japan,JPN,1999,,35405.08
Japan,JPN,2000,,36323.09
Japan,JPN,2001,,36375.59
Japan,JPN,2002,,36306.33
Japan,JPN,2003,,36784.88
Japan,JPN,2004,,37576.39
Japan,JPN,2005,,38250.64
Japan,JPN,2006,,38751
Japan,JPN,2007,,39280.9
Japan,JPN,2008,,38781.2
Japan,JPN,2009,,36577.86
Japan,JPN,2010,,38069.96
Japan,JPN,2011,,38149.62
Japan,JPN,2012,,38735.9
Japan,JPN,2013,,39569.64
Japan,JPN,2014,,39739.54
Japan,JPN,2015,,40402.58
Japan,JPN,2016,,40727.97
Japan,JPN,2017,,41444.22
Japan,JPN,2018,,41739.2
Japan,JPN,2020,,39935.47
Japan,JPN,2021,,40784.38
Jordan,JOR,2019,12.32,9551.17
Jordan,JOR,1990,,8127.63
Jordan,JOR,1991,,7839.87
Jordan,JOR,1992,,8500.03
Jordan,JOR,1993,,8426.27
Jordan,JOR,1994,,8426.7
Jordan,JOR,1995,,8587.85
Jordan,JOR,1996,,8480.82
Jordan,JOR,1997,,8530.06
Jordan,JOR,1998,,8586.14
Jordan,JOR,1999,,8686.44
Jordan,JOR,2000,,8866.48
Jordan,JOR,2001,,9140.07
Jordan,JOR,2002,,9463.04
Jordan,JOR,2003,,9636.59
Jordan,JOR,2004,,10204.41
Jordan,JOR,2005,,10751.77
Jordan,JOR,2006,,10862.46
Jordan,JOR,2007,,11028.31
Jordan,JOR,2008,,11540.4
Jordan,JOR,2009,,11856.29
Jordan,JOR,2010,,11866.88
Jordan,JOR,2011,,11885.24
Jordan,JOR,2012,,12001.99
Jordan,JOR,2013,,11542.29
Jordan,JOR,2014,,10605.35
Jordan,JOR,2015,,9912.71
Jordan,JOR,2016,,9633.1
Jordan,JOR,2017,,9629.1
Jordan,JOR,2018,,9584.51
Jordan,JOR,2020,,9203.38
Jordan,JOR,2021,,9223.15
Kazakhstan,KAZ,2019,2.92,26351.81
Kazakhstan,KAZ,1990,,13475.64
Kazakhstan,KAZ,1991,,11917.71
Kazakhstan,KAZ,1992,,11294.74
Kazakhstan,KAZ,1993,,10292.2
Kazakhstan,KAZ,1994,,9126.26
Kazakhstan,KAZ,1995,,8552.45
Kazakhstan,KAZ,1996,,8726.54
Kazakhstan,KAZ,1997,,9016
Kazakhstan,KAZ,1998,,8998.9
Kazakhstan,KAZ,1999,,9330.56
Kazakhstan,KAZ,2000,,10275.76
Kazakhstan,KAZ,2001,,11682.84
Kazakhstan,KAZ,2002,,12827.23
Kazakhstan,KAZ,2003,,13973.08
Kazakhstan,KAZ,2004,,15208.44
Kazakhstan,KAZ,2005,,16536.02
Kazakhstan,KAZ,2006,,18112.78
Kazakhstan,KAZ,2007,,19500.48
Kazakhstan,KAZ,2008,,19770.22
Kazakhstan,KAZ,2009,,19614.73
Kazakhstan,KAZ,2010,,20751.26
Kazakhstan,KAZ,2011,,21970.08
Kazakhstan,KAZ,2012,,22702.58
Kazakhstan,KAZ,2013,,23720.82
Kazakhstan,KAZ,2014,,24355.76
Kazakhstan,KAZ,2015,,24290.42
Kazakhstan,KAZ,2016,,24210.86
Kazakhstan,KAZ,2017,,24862.97
Kazakhstan,KAZ,2018,,25544.35
Kazakhstan,KAZ,2020,,25361.51
Kazakhstan,KAZ,2021,,26110.53
Kuwait,KWT,2019,0.63,47314.8
Kuwait,KWT,1992,,41446.97
Kuwait,KWT,1993,,54426.32
Kuwait,KWT,1994,,59468.75
Kuwait,KWT,1995,,61826.12
Kuwait,KWT,1996,,60443.92
Kuwait,KWT,1997,,59894.15
Kuwait,KWT,1998,,60105.81
Kuwait,KWT,1999,,57210.54
Kuwait,KWT,2000,,58117.18
Kuwait,KWT,2001,,56580.99
Kuwait,KWT,2002,,56701.06
Kuwait,KWT,2003,,64811.18
Kuwait,KWT,2004,,69723.62
Kuwait,KWT,2005,,74294.34
Kuwait,KWT,2006,,75551.11
Kuwait,KWT,2007,,75498.23
Kuwait,KWT,2008,,73162.9
Kuwait,KWT,2009,,64468.79
Kuwait,KWT,2010,,59780.03
Kuwait,KWT,2011,,61356.94
Kuwait,KWT,2012,,60588.16
Kuwait,KWT,2013,,57051.74
Kuwait,KWT,2014,,55583.56
Kuwait,KWT,2015,,53808.13
Kuwait,KWT,2016,,53476.12
Kuwait,KWT,2017,,50007.3
Kuwait,KWT,2018,,48943.01
Kuwait,KWT,2020,,43922.63
Kyrgyzstan,KGZ,1990,,5158.32
Kyrgyzstan,KGZ,1991,,4671.52
Kyrgyzstan,KGZ,1992,,3978.91
Kyrgyzstan,KGZ,1993,,3362.83
Kyrgyzstan,KGZ,1994,,2688.35
Kyrgyzstan,KGZ,1995,,2517.28
Kyrgyzstan,KGZ,1996,,2656.02
Kyrgyzstan,KGZ,1997,,2877.1
Kyrgyzstan,KGZ,1998,,2893.42
Kyrgyzstan,KGZ,1999,,2954.95
Kyrgyzstan,KGZ,2000,,3078.91
Kyrgyzstan,KGZ,2001,,3212.13
Kyrgyzstan,KGZ,2002,,3182.23
Kyrgyzstan,KGZ,2003,,3370.43
Kyrgyzstan,KGZ,2004,,3563.88
Kyrgyzstan,KGZ,2005,,3517.72
Kyrgyzstan,KGZ,2006,,3588.09
Kyrgyzstan,KGZ,2007,,3857.65
Kyrgyzstan,KGZ,2008,,4142.21
Kyrgyzstan,KGZ,2009,,4210.63
Kyrgyzstan,KGZ,2010,,4141.08
Kyrgyzstan,KGZ,2011,,4334.66
Kyrgyzstan,KGZ,2012,,4259.32
Kyrgyzstan,KGZ,2013,,4631.4
Kyrgyzstan,KGZ,2014,,4722.09
Kyrgyzstan,KGZ,2015,,4805.14
Kyrgyzstan,KGZ,2016,,4912.38
Kyrgyzstan,KGZ,2017,,5046.69
Kyrgyzstan,KGZ,2018,,5133.15
Kyrgyzstan,KGZ,2019,,5258.37
Kyrgyzstan,KGZ,2020,,4726.2
Kyrgyzstan,KGZ,2021,,4814.96
Laos,LAO,1990,,1939.09
Laos,LAO,1991,,1966.44
Laos,LAO,1992,,2019.39
Laos,LAO,1993,,2082.1
Laos,LAO,1994,,2194.53
Laos,LAO,1995,,2291.87
Laos,LAO,1996,,2394.07
Laos,LAO,1997,,2505.62
Laos,LAO,1998,,2557.18
Laos,LAO,1999,,2696.16
Laos,LAO,2000,,2804.82
Laos,LAO,2001,,2918.39
Laos,LAO,2002,,3043.48
Laos,LAO,2003,,3181.06
Laos,LAO,2004,,3336.9
Laos,LAO,2005,,3522.29
Laos,LAO,2006,,3765.65
Laos,LAO,2007,,3988.17
Laos,LAO,2008,,4234
Laos,LAO,2009,,4482.9
Laos,LAO,2010,,4793.22
Laos,LAO,2011,,5103.55
Laos,LAO,2012,,5434.83
Laos,LAO,2013,,5789.28
Laos,LAO,2014,,6145.5
Laos,LAO,2015,,6499.07
Laos,LAO,2016,,6850.58
Laos,LAO,2017,,7211.26
Laos,LAO,2018,,7546.33
Laos,LAO,2019,,7840.07
Laos,LAO,2020,,7763.95
Laos,LAO,2021,,7846.98
Lebanon,LBN,2019,6.8,17172.2
Lebanon,LBN,1990,,5862.84
Lebanon,LBN,1991,,8587.34
Lebanon,LBN,1992,,9788.92
Lebanon,LBN,1993,,10634.39
Lebanon,LBN,1994,,11291.29
Lebanon,LBN,1995,,11802.42
Lebanon,LBN,1996,,12891.55
Lebanon,LBN,1997,,12795.05
Lebanon,LBN,1998,,13037.97
Lebanon,LBN,1999,,12752.06
Lebanon,LBN,2000,,12711.95
Lebanon,LBN,2001,,12993.86
Lebanon,LBN,2002,,13264.99
Lebanon,LBN,2003,,13516.33
Lebanon,LBN,2004,,14198.55
Lebanon,LBN,2005,,14365.59
Lebanon,LBN,2006,,14350.75
Lebanon,LBN,2007,,15394.19
Lebanon,LBN,2008,,16522.33
Lebanon,LBN,2009,,17979.26
Lebanon,LBN,2010,,19239.56
Lebanon,LBN,2011,,19216.97
Lebanon,LBN,2012,,19202.55
Lebanon,LBN,2013,,18180.37
Lebanon,LBN,2014,,16863.64
Lebanon,LBN,2015,,16611.72
Lebanon,LBN,2016,,17248.19
Lebanon,LBN,2017,,17808.08
Lebanon,LBN,2018,,17970.94
Lebanon,LBN,2020,,13780.96
Lebanon,LBN,2021,,12977.2
Macao,MAC,1990,,47880.27
Macao,MAC,1991,,47966.59
Macao,MAC,1992,,52889.17
Macao,MAC,1993,,54413
Macao,MAC,1994,,55550.13
Macao,MAC,1995,,56244
Macao,MAC,1996,,54947.58
Macao,MAC,1997,,53808.52
Macao,MAC,1998,,50481.48
Macao,MAC,1999,,48509.75
Macao,MAC,2000,,50539.92
Macao,MAC,2001,,51144.13
Macao,MAC,2002,,54395.48
Macao,MAC,2003,,59037.94
Macao,MAC,2004,,72717.08
Macao,MAC,2005,,76483.91
Macao,MAC,2006,,84436.75
Macao,MAC,2007,,94134.14
Macao,MAC,2008,,94804.92
Macao,MAC,2009,,93540.67
Macao,MAC,2010,,114042.49
Macao,MAC,2011,,135365.39
Macao,MAC,2012,,144891.34
Macao,MAC,2013,,157602.48
Macao,MAC,2014,,151616.4
Macao,MAC,2015,,116855.53
Macao,MAC,2016,,113941.67
Macao,MAC,2017,,122977.51
Macao,MAC,2018,,128437.32
Macao,MAC,2019,,122822.13
Macao,MAC,2020,,55158.71
Macao,MAC,2021,,64797
Malaysia,MYS,2019,25.49,27674.4
Malaysia,MYS,1990,,10607.77
Malaysia,MYS,1991,,11297.59
Malaysia,MYS,1992,,11963.27
Malaysia,MYS,1993,,12785.83
Malaysia,MYS,1994,,13579.71
Malaysia,MYS,1995,,14508.46
Malaysia,MYS,1996,,15533.76
Malaysia,MYS,1997,,16231.8
Malaysia,MYS,1998,,14650.2
Malaysia,MYS,1999,,15161.41
Malaysia,MYS,2000,,16089.86
Malaysia,MYS,2001,,15762.78
Malaysia,MYS,2002,,16199.73
Malaysia,MYS,2003,,16723.93
Malaysia,MYS,2004,,17439.76
Malaysia,MYS,2005,,17951.39
Malaysia,MYS,2006,,18535.06
Malaysia,MYS,2007,,19278.42
Malaysia,MYS,2008,,19792.27
Malaysia,MYS,2009,,19110.75
Malaysia,MYS,2010,,20171.88
Malaysia,MYS,2011,,20900.32
Malaysia,MYS,2012,,21690.46
Malaysia,MYS,2013,,22350.91
Malaysia,MYS,2014,,23328.34
Malaysia,MYS,2015,,24151.26
Malaysia,MYS,2016,,24859.8
Malaysia,MYS,2017,,25935.14
Malaysia,MYS,2018,,26835.81
Malaysia,MYS,2020,,25830.97
Malaysia,MYS,2021,,26333.16
Maldives,MDV,2019,0.11,20574.4
Maldives,MDV,1995,,10430.79
Maldives,MDV,1996,,11010.31
Maldives,MDV,1997,,11704.31
Maldives,MDV,1998,,12362.97
Maldives,MDV,1999,,12922.8
Maldives,MDV,2000,,13210.97
Maldives,MDV,2001,,12477.23
Maldives,MDV,2002,,13156.99
Maldives,MDV,2003,,14717.24
Maldives,MDV,2004,,15351.7
Maldives,MDV,2005,,13124.06
Maldives,MDV,2006,,16162.28
Maldives,MDV,2007,,16834.74
Maldives,MDV,2008,,17788.33
Maldives,MDV,2009,,15927.8
Maldives,MDV,2010,,16492.53
Maldives,MDV,2011,,17290.21
Maldives,MDV,2012,,17126.34
Maldives,MDV,2013,,17768.61
Maldives,MDV,2014,,18338.32
Maldives,MDV,2015,,18051.07
Maldives,MDV,2016,,18406.27
Maldives,MDV,2017,,18973.57
Maldives,MDV,2018,,19789.49
Maldives,MDV,2020,,13419.34
Maldives,MDV,2021,,18765.22
Mongolia,MNG,1990,,5030.07
Mongolia,MNG,1991,,4512.11
Mongolia,MNG,1992,,4027.78
Mongolia,MNG,1993,,3842.05
Mongolia,MNG,1994,,3870.86
Mongolia,MNG,1995,,4066.75
Mongolia,MNG,1996,,4110.55
Mongolia,MNG,1997,,4226.37
Mongolia,MNG,1998,,4325.08
Mongolia,MNG,1999,,4415.03
Mongolia,MNG,2000,,4424.65
Mongolia,MNG,2001,,4515.47
Mongolia,MNG,2002,,4687.45
Mongolia,MNG,2003,,4972.26
Mongolia,MNG,2004,,5453.99
Mongolia,MNG,2005,,5800.91
Mongolia,MNG,2006,,6243.61
Mongolia,MNG,2007,,6818.99
Mongolia,MNG,2008,,7346.28
Mongolia,MNG,2009,,7163.8
Mongolia,MNG,2010,,7518.83
Mongolia,MNG,2011,,8685.78
Mongolia,MNG,2012,,9586.72
Mongolia,MNG,2013,,10504.81
Mongolia,MNG,2014,,11107.99
Mongolia,MNG,2015,,11134.8
Mongolia,MNG,2016,,11058.95
Mongolia,MNG,2017,,11431.5
Mongolia,MNG,2018,,12052.29
Mongolia,MNG,2019,,12458.02
Mongolia,MNG,2020,,11666.78
Mongolia,MNG,2021,,11668.43
Myanmar,MMR,2019,8.04,4829.54
Myanmar,MMR,1990,,581.61
Myanmar,MMR,1991,,579.38
Myanmar,MMR,1992,,597.2
Myanmar,MMR,1993,,635.11
Myanmar,MMR,1994,,669.38
Myanmar,MMR,1995,,708.5
Myanmar,MMR,1996,,746.43
Myanmar,MMR,1997,,781.6
Myanmar,MMR,1998,,816.53
Myanmar,MMR,1999,,875.42
Myanmar,MMR,2000,,973.4
Myanmar,MMR,2001,,1083.42
Myanmar,MMR,2002,,1198.09
Myanmar,MMR,2003,,1340.87
Myanmar,MMR,2004,,1511.17
Myanmar,MMR,2005,,1702.31
Myanmar,MMR,2006,,1914.24
Myanmar,MMR,2007,,2137.65
Myanmar,MMR,2008,,2360.54
Myanmar,MMR,2009,,2591.05
Myanmar,MMR,2010,,2830.28
Myanmar,MMR,2011,,3018.46
Myanmar,MMR,2012,,3187.12
Myanmar,MMR,2013,,3409.65
Myanmar,MMR,2014,,3658.59
Myanmar,MMR,2015,,3748.29
Myanmar,MMR,2016,,4109.56
Myanmar,MMR,2017,,4312.95
Myanmar,MMR,2018,,4556.28
Myanmar,MMR,2020,,4947.09
Myanmar,MMR,2021,,4032.63
Nepal,NPL,1990,,1554.6
Nepal,NPL,1991,,1611.36
Nepal,NPL,1992,,1631.23
Nepal,NPL,1993,,1649.01
Nepal,NPL,1994,,1741.31
Nepal,NPL,1995,,1760.45
Nepal,NPL,1996,,1815.31
Nepal,NPL,1997,,1868.78
Nepal,NPL,1998,,1888.29
Nepal,NPL,1999,,1935.69
Nepal,NPL,2000,,2020.86
Nepal,NPL,2001,,2084.2
Nepal,NPL,2002,,2055.72
Nepal,NPL,2003,,2107.64
Nepal,NPL,2004,,2179.09
Nepal,NPL,2005,,2230.79
Nepal,NPL,2006,,2285.51
Nepal,NPL,2007,,2346.26
Nepal,NPL,2008,,2473.94
Nepal,NPL,2009,,2572.18
Nepal,NPL,2010,,2682.7
Nepal,NPL,2011,,2763.83
Nepal,NPL,2012,,2886.1
Nepal,NPL,2013,,2982.29
Nepal,NPL,2014,,3152.29
Nepal,NPL,2015,,3260.04
Nepal,NPL,2016,,3244.67
Nepal,NPL,2017,,3495.53
Nepal,NPL,2018,,3719.31
Nepal,NPL,2019,,3922.08
Nepal,NPL,2020,,3761.8
Nepal,NPL,2021,,3831.95
North Korea,PRK,2019,0.01,
North Korea,PRK,2015,,
Oman,OMN,2019,0.25,33814.11
Oman,OMN,1990,,30462.2
Oman,OMN,1991,,30766.72
Oman,OMN,1992,,31842.56
Oman,OMN,1993,,32354.74
Oman,OMN,1994,,32635.18
Oman,OMN,1995,,33650.86
Oman,OMN,1996,,34090.81
Oman,OMN,1997,,35574.13
Oman,OMN,1998,,35967.32
Oman,OMN,1999,,35573.59
Oman,OMN,2000,,37392.25
Oman,OMN,2001,,38568.32
Oman,OMN,2002,,37683.42
Oman,OMN,2003,,36256.35
Oman,OMN,2004,,36170.68
Oman,OMN,2005,,36388.45
Oman,OMN,2006,,37662.52
Oman,OMN,2007,,38659.35
Oman,OMN,2008,,41114.24
Oman,OMN,2009,,42875.11
Oman,OMN,2010,,40819.94
Oman,OMN,2011,,37745.45
Oman,OMN,2012,,37270.59
Oman,OMN,2013,,36330.48
Oman,OMN,2014,,35032.26
Oman,OMN,2015,,35188.02
Oman,OMN,2016,,35229.95
Oman,OMN,2017,,34218.39
Oman,OMN,2018,,34212.11
Oman,OMN,2020,,33098.21
Oman,OMN,2021,,34294.77
Pakistan,PAK,2019,6.22,5157.55
Pakistan,PAK,1990,,3061.53
Pakistan,PAK,1991,,3114.24
Pakistan,PAK,1992,,3267.29
Pakistan,PAK,1993,,3240.74
Pakistan,PAK,1994,,3265.65
Pakistan,PAK,1995,,3328
Pakistan,PAK,1996,,3384.61
Pakistan,PAK,1997,,3319.87
Pakistan,PAK,1998,,3307.51
Pakistan,PAK,1999,,3331.95
Pakistan,PAK,2000,,3368.68
Pakistan,PAK,2001,,3382.2
Pakistan,PAK,2002,,3381.14
Pakistan,PAK,2003,,3499.02
Pakistan,PAK,2004,,3679.91
Pakistan,PAK,2005,,3836.09
Pakistan,PAK,2006,,3978.02
Pakistan,PAK,2007,,4081.91
Pakistan,PAK,2008,,4061.89
Pakistan,PAK,2009,,4084.83
Pakistan,PAK,2010,,4058.01
Pakistan,PAK,2011,,4082.45
Pakistan,PAK,2012,,4150.33
Pakistan,PAK,2013,,4266.71
Pakistan,PAK,2014,,4403.67
Pakistan,PAK,2015,,4552.61
Pakistan,PAK,2016,,4746.72
Pakistan,PAK,2017,,4891.72
Pakistan,PAK,2018,,5113.43
Pakistan,PAK,2020,,5004.35
Pakistan,PAK,2021,,5232.14
Palestine,PSE,2019,0.43,6245.45
Palestine,PSE,1994,,3951.21
Palestine,PSE,1995,,4047.13
Palestine,PSE,1996,,3916.93
Palestine,PSE,1997,,4294.75
Palestine,PSE,1998,,4786.48
Palestine,PSE,1999,,5052.06
Palestine,PSE,2000,,4503.25
Palestine,PSE,2001,,3980.93
Palestine,PSE,2002,,3395.86
Palestine,PSE,2003,,3774.13
Palestine,PSE,2004,,4485.53
Palestine,PSE,2005,,4866.03
Palestine,PSE,2006,,4695.99
Palestine,PSE,2007,,4750.93
Palestine,PSE,2008,,4965.37
Palestine,PSE,2009,,5250.12
Palestine,PSE,2010,,5411.07
Palestine,PSE,2011,,5782.69
Palestine,PSE,2012,,5985.68
Palestine,PSE,2013,,6118.26
Palestine,PSE,2014,,5967.07
Palestine,PSE,2015,,6048.98
Palestine,PSE,2016,,6438.93
Palestine,PSE,2017,,6401.74
Palestine,PSE,2018,,6318.21
Palestine,PSE,2020,,5402.54
Palestine,PSE,2021,,5643.07
Philippines,PHL,2019,37.23,8731.86
Philippines,PHL,1990,,4232.48
Philippines,PHL,1991,,4115.02
Philippines,PHL,1992,,4035.93
Philippines,PHL,1993,,4027.9
Philippines,PHL,1994,,4106.68
Philippines,PHL,1995,,4197.34
Philippines,PHL,1996,,4337.2
Philippines,PHL,1997,,4450.85
Philippines,PHL,1998,,4322.58
Philippines,PHL,1999,,4364.28
Philippines,PHL,2000,,4455.67
Philippines,PHL,2001,,4495.36
Philippines,PHL,2002,,4567.23
Philippines,PHL,2003,,4703.67
Philippines,PHL,2004,,4914.04
Philippines,PHL,2005,,5058.05
Philippines,PHL,2006,,5227.53
Philippines,PHL,2007,,5465.15
Philippines,PHL,2008,,5596.91
Philippines,PHL,2009,,5574.45
Philippines,PHL,2010,,5876.48
Philippines,PHL,2011,,5995.43
Philippines,PHL,2012,,6298.16
Philippines,PHL,2013,,6610.85
Philippines,PHL,2014,,6917.75
Philippines,PHL,2015,,7235.08
Philippines,PHL,2016,,7616.05
Philippines,PHL,2017,,8001.76
Philippines,PHL,2018,,8365.73
Philippines,PHL,2020,,7773.26
Philippines,PHL,2021,,8094.69
Qatar,QAT,2019,0.54,90840.43
Qatar,QAT,2000,,79400.43
Qatar,QAT,2001,,78498.13
Qatar,QAT,2002,,80083.06
Qatar,QAT,2003,,79140.63
Qatar,QAT,2004,,90782.72
Qatar,QAT,2005,,89448.05
Qatar,QAT,2006,,94361.63
Qatar,QAT,2007,,91736.75
Qatar,QAT,2008,,92067.81
Qatar,QAT,2009,,92450.25
Qatar,QAT,2010,,103902.52
Qatar,QAT,2011,,111879.75
Qatar,QAT,2012,,110931.51
Qatar,QAT,2013,,109625.63
Qatar,QAT,2014,,106141.33
Qatar,QAT,2015,,101971.99
Qatar,QAT,2016,,97783.12
Qatar,QAT,2017,,92177.59
Qatar,QAT,2018,,91461.62
Qatar,QAT,2020,,89019.07
Qatar,QAT,2021,,92862.35
Russia,RUS,2019,2.49,27254.57
Russia,RUS,1990,,21482.75
Russia,RUS,1991,,20340.13
Russia,RUS,1992,,17367.64
Russia,RUS,1993,,15870.61
Russia,RUS,1994,,13880.47
Russia,RUS,1995,,13308.21
Russia,RUS,1996,,12827.12
Russia,RUS,1997,,13028.21
Russia,RUS,1998,,12358.15
Russia,RUS,1999,,13189.79
Russia,RUS,2000,,14569.94
Russia,RUS,2001,,15378.09
Russia,RUS,2002,,16175.1
Russia,RUS,2003,,17434.81
Russia,RUS,2004,,18765.52
Russia,RUS,2005,,20042.81
Russia,RUS,2006,,21757.47
Russia,RUS,2007,,23647.27
Russia,RUS,2008,,24887.85
Russia,RUS,2009,,22939.69
Russia,RUS,2010,,23961.22
Russia,RUS,2011,,24972.08
Russia,RUS,2012,,25933.29
Russia,RUS,2013,,26332.4
Russia,RUS,2014,,26057.16
Russia,RUS,2015,,25488.1
Russia,RUS,2016,,25490.71
Russia,RUS,2017,,25926.44
Russia,RUS,2018,,26656.41
Russia,RUS,2020,,26583.8
Russia,RUS,2021,,27960.1
Saudi Arabia,SAU,2019,0.21,44954.99
Saudi Arabia,SAU,1990,,41984.83
Saudi Arabia,SAU,1991,,46402.72
Saudi Arabia,SAU,1992,,46502.13
Saudi Arabia,SAU,1993,,44415.55
Saudi Arabia,SAU,1994,,43396.65
Saudi Arabia,SAU,1995,,42288.41
Saudi Arabia,SAU,1996,,42237.77
Saudi Arabia,SAU,1997,,41572.9
Saudi Arabia,SAU,1998,,41659.58
Saudi Arabia,SAU,1999,,39066.93
Saudi Arabia,SAU,2000,,40234.82
Saudi Arabia,SAU,2001,,38778.48
Saudi Arabia,SAU,2002,,36789.92
Saudi Arabia,SAU,2003,,39993.48
Saudi Arabia,SAU,2004,,42243.97
Saudi Arabia,SAU,2005,,43253.48
Saudi Arabia,SAU,2006,,42733.89
Saudi Arabia,SAU,2007,,41846.28
Saudi Arabia,SAU,2008,,42780.68
Saudi Arabia,SAU,2009,,40360.4
Saudi Arabia,SAU,2010,,41056.55
Saudi Arabia,SAU,2011,,44054
Saudi Arabia,SAU,2012,,45427.57
Saudi Arabia,SAU,2013,,45674.32
Saudi Arabia,SAU,2014,,46394.9
Saudi Arabia,SAU,2015,,47379.36
Saudi Arabia,SAU,2016,,47210.23
Saudi Arabia,SAU,2017,,45795.51
Saudi Arabia,SAU,2018,,45840.84
Saudi Arabia,SAU,2020,,42891.69
Saudi Arabia,SAU,2021,,44339.31
Singapore,SGP,2019,0.43,98283.31
Singapore,SGP,1990,,37289.75
Singapore,SGP,1991,,38667.75
Singapore,SGP,1992,,40014.82
Singapore,SGP,1993,,43486.23
Singapore,SGP,1994,,46819.52
Singapore,SGP,1995,,48677.59
Singapore,SGP,1996,,50230.88
Singapore,SGP,1997,,52611.79
Singapore,SGP,1998,,49740.25
Singapore,SGP,1999,,52166.02
Singapore,SGP,2000,,55904.23
Singapore,SGP,2001,,53833.73
Singapore,SGP,2002,,55437.56
Singapore,SGP,2003,,58819.96
Singapore,SGP,2004,,63862.13
Singapore,SGP,2005,,66973.55
Singapore,SGP,2006,,70756.45
Singapore,SGP,2007,,73992.13
Singapore,SGP,2008,,71464.93
Singapore,SGP,2009,,69430.48
Singapore,SGP,2010,,78115.21
Singapore,SGP,2011,,81258.09
Singapore,SGP,2012,,82805.62
Singapore,SGP,2013,,85400.73
Singapore,SGP,2014,,87616.64
Singapore,SGP,2015,,89160.73
Singapore,SGP,2016,,91146.09
Singapore,SGP,2017,,95310.34
Singapore,SGP,2018,,98336.95
Singapore,SGP,2020,,94505.63
Singapore,SGP,2021,,106032.23
South Korea,KOR,2019,0.24,42758.59
South Korea,KOR,1990,,12656.4
South Korea,KOR,1991,,13882.42
South Korea,KOR,1992,,14590.53
South Korea,KOR,1993,,15436.39
South Korea,KOR,1994,,16698.28
South Korea,KOR,1995,,18120.49
South Korea,KOR,1996,,19364.94
South Korea,KOR,1997,,20367.98
South Korea,KOR,1998,,19184.23
South Korea,KOR,1999,,21232.61
South Korea,KOR,2000,,22963.64
South Korea,KOR,2001,,23893.9
South Korea,KOR,2002,,25591.4
South Korea,KOR,2003,,26260.37
South Korea,KOR,2004,,27515.95
South Korea,KOR,2005,,28640.71
South Korea,KOR,2006,,29990.52
South Korea,KOR,2007,,31569.93
South Korea,KOR,2008,,32275.13
South Korea,KOR,2009,,32363.97
South Korea,KOR,2010,,34394.49
South Korea,KOR,2011,,35388.98
South Korea,KOR,2012,,36049.2
South Korea,KOR,2013,,37021.13
South Korea,KOR,2014,,37967.48
South Korea,KOR,2015,,38828.74
South Korea,KOR,2016,,39814.66
South Korea,KOR,2017,,40957.42
South Korea,KOR,2018,,41965.89
South Korea,KOR,2020,,42396.76
South Korea,KOR,2021,,44232.21
Sri Lanka,LKA,2019,7.29,13639.02
Sri Lanka,LKA,1990,,4011.66
Sri Lanka,LKA,1991,,4145.95
Sri Lanka,LKA,1992,,4279.3
Sri Lanka,LKA,1993,,4526.59
Sri Lanka,LKA,1994,,4735.26
Sri Lanka,LKA,1995,,4955.05
Sri Lanka,LKA,1996,,5108.52
Sri Lanka,LKA,1997,,5405.25
Sri Lanka,LKA,1998,,5630.65
Sri Lanka,LKA,1999,,5841.74
Sri Lanka,LKA,2000,,6154.55
Sri Lanka,LKA,2001,,6016.46
Sri Lanka,LKA,2002,,6205.53
Sri Lanka,LKA,2003,,6518.9
Sri Lanka,LKA,2004,,6816.03
Sri Lanka,LKA,2005,,7182.99
Sri Lanka,LKA,2006,,7674.51
Sri Lanka,LKA,2007,,8135.8
Sri Lanka,LKA,2008,,8558.66
Sri Lanka,LKA,2009,,8800.11
Sri Lanka,LKA,2010,,9440.67
Sri Lanka,LKA,2011,,10190.35
Sri Lanka,LKA,2012,,11055.63
Sri Lanka,LKA,2013,,11414.17
Sri Lanka,LKA,2014,,12029.38
Sri Lanka,LKA,2015,,12420.55
Sri Lanka,LKA,2016,,12904.85
Sri Lanka,LKA,2017,,13584.19
Sri Lanka,LKA,2018,,13753.06
Sri Lanka,LKA,2020,,13095.76
Sri Lanka,LKA,2021,,13386.68
Syria,SYR,2019,0.03,
Syria,SYR,2015,,
Taiwan,TWN,2019,0.32,
Taiwan,TWN,2015,,
Tajikistan,TJK,1990,,3990.9
Tajikistan,TJK,1991,,3615.17
Tajikistan,TJK,1992,,2521.43
Tajikistan,TJK,1993,,2085.21
Tajikistan,TJK,1994,,1616.69
Tajikistan,TJK,1995,,1389.11
Tajikistan,TJK,1996,,1134.23
Tajikistan,TJK,1997,,1137.93
Tajikistan,TJK,1998,,1190.66
Tajikistan,TJK,1999,,1228.17
Tajikistan,TJK,2000,,1312.71
Tajikistan,TJK,2001,,1408
Tajikistan,TJK,2002,,1528.36
Tajikistan,TJK,2003,,1663.24
Tajikistan,TJK,2004,,1799.83
Tajikistan,TJK,2005,,1884.96
Tajikistan,TJK,2006,,1980.25
Tajikistan,TJK,2007,,2095.81
Tajikistan,TJK,2008,,2219.32
Tajikistan,TJK,2009,,2261.43
Tajikistan,TJK,2010,,2360.02
Tajikistan,TJK,2011,,2481.57
Tajikistan,TJK,2012,,2610.17
Tajikistan,TJK,2013,,2741.22
Tajikistan,TJK,2014,,2858.24
Tajikistan,TJK,2015,,2959.99
Tajikistan,TJK,2016,,3091.23
Tajikistan,TJK,2017,,3236.44
Tajikistan,TJK,2018,,3405.09
Tajikistan,TJK,2019,,3575.28
Tajikistan,TJK,2020,,3651.94
Tajikistan,TJK,2021,,3903.32
Thailand,THA,2019,19.56,18003.67
Thailand,THA,1990,,7273.06
Thailand,THA,1991,,7772.86
Thailand,THA,1992,,8277.35
Thailand,THA,1993,,8830.58
Thailand,THA,1994,,9401.07
Thailand,THA,1995,,10025.09
Thailand,THA,1996,,10453.39
Thailand,THA,1997,,10035.87
Thailand,THA,1998,,9156.22
Thailand,THA,1999,,9467.92
Thailand,THA,2000,,9791.9
Thailand,THA,2001,,10036.33
Thailand,THA,2002,,10558.47
Thailand,THA,2003,,11220.68
Thailand,THA,2004,,11828.84
Thailand,THA,2005,,12228.66
Thailand,THA,2006,,12739.74
Thailand,THA,2007,,13330.21
Thailand,THA,2008,,13459.25
Thailand,THA,2009,,13270.62
Thailand,THA,2010,,14172.22
Thailand,THA,2011,,14199.28
Thailand,THA,2012,,15129.9
Thailand,THA,2013,,15442.38
Thailand,THA,2014,,15509.18
Thailand,THA,2015,,15919.37
Thailand,THA,2016,,16393.31
Thailand,THA,2017,,17008.04
Thailand,THA,2018,,17669.05
Thailand,THA,2020,,16848.58
Thailand,THA,2021,,17077.04
Turkey,TUR,2019,19.85,28150.06
Turkey,TUR,1990,,12535.92
Turkey,TUR,1991,,12398.66
Turkey,TUR,1992,,12796.13
Turkey,TUR,1993,,13536.22
Turkey,TUR,1994,,12679.88
Turkey,TUR,1995,,13449.28
Turkey,TUR,1996,,14205.07
Turkey,TUR,1997,,15036.18
Turkey,TUR,1998,,15159
Turkey,TUR,1999,,14445.39
Turkey,TUR,2000,,15223.35
Turkey,TUR,2001,,14136.67
Turkey,TUR,2002,,14839.13
Turkey,TUR,2003,,15488.11
Turkey,TUR,2004,,16775.08
Turkey,TUR,2005,,18038.81
Turkey,TUR,2006,,19043.62
Turkey,TUR,2007,,19757.82
Turkey,TUR,2008,,19680.94
Turkey,TUR,2009,,18497.01
Turkey,TUR,2010,,19790.07
Turkey,TUR,2011,,21716.27
Turkey,TUR,2012,,22422.54
Turkey,TUR,2013,,23912.73
Turkey,TUR,2014,,24600.52
Turkey,TUR,2015,,25594.66
Turkey,TUR,2016,,25996.97
Turkey,TUR,2017,,27582.83
Turkey,TUR,2018,,28157.98
Turkey,TUR,2020,,28473.21
Turkey,TUR,2021,,31466.56
Turkmenistan,TKM,1990,,7137.6
Turkmenistan,TKM,1991,,6628.06
Turkmenistan,TKM,1992,,5485.97
Turkmenistan,TKM,1993,,5422.79
Turkmenistan,TKM,1994,,4374.7
Turkmenistan,TKM,1995,,3969.83
Turkmenistan,TKM,1996,,4162.46
Turkmenistan,TKM,1997,,3635.06
Turkmenistan,TKM,1998,,3833.54
Turkmenistan,TKM,1999,,4397.05
Turkmenistan,TKM,2000,,4568.46
Turkmenistan,TKM,2001,,4699.07
Turkmenistan,TKM,2002,,4647.12
Turkmenistan,TKM,2003,,4738.5
Turkmenistan,TKM,2004,,4912.67
Turkmenistan,TKM,2005,,5478
Turkmenistan,TKM,2006,,5995.36
Turkmenistan,TKM,2007,,6564.5
Turkmenistan,TKM,2008,,7418.48
Turkmenistan,TKM,2009,,7748.14
Turkmenistan,TKM,2010,,8321.22
Turkmenistan,TKM,2011,,9379.14
Turkmenistan,TKM,2012,,10233.4
Turkmenistan,TKM,2013,,11071.52
Turkmenistan,TKM,2014,,11989.65
Turkmenistan,TKM,2015,,12540.28
Turkmenistan,TKM,2016,,13086.01
Turkmenistan,TKM,2017,,13703.51
Turkmenistan,TKM,2018,,14321.14
Turkmenistan,TKM,2019,,14992.6
United Arab Emirates,ARE,2019,0.53,71782.16
United Arab Emirates,ARE,1990,,105893.63
United Arab Emirates,ARE,1991,,101048.7
United Arab Emirates,ARE,1992,,99106.79
United Arab Emirates,ARE,1993,,95524.45
United Arab Emirates,ARE,1994,,97475.98
United Arab Emirates,ARE,1995,,99510.35
United Arab Emirates,ARE,1996,,99602.62
United Arab Emirates,ARE,1997,,100956.7
United Arab Emirates,ARE,1998,,95185.31
United Arab Emirates,ARE,1999,,92368.81
United Arab Emirates,ARE,2000,,96835.89
United Arab Emirates,ARE,2001,,93106.2
United Arab Emirates,ARE,2002,,90661.73
United Arab Emirates,ARE,2003,,93989.96
United Arab Emirates,ARE,2004,,98342.23
United Arab Emirates,ARE,2005,,96188.13
United Arab Emirates,ARE,2006,,92323.56
United Arab Emirates,ARE,2007,,79468.99
United Arab Emirates,ARE,2008,,68909.61
United Arab Emirates,ARE,2009,,57094.79
United Arab Emirates,ARE,2010,,54664.61
United Arab Emirates,ARE,2011,,57815.17
United Arab Emirates,ARE,2012,,59949.25
United Arab Emirates,ARE,2013,,62354.82
United Arab Emirates,ARE,2014,,64334.09
United Arab Emirates,ARE,2015,,68076.63
United Arab Emirates,ARE,2016,,71244.59
United Arab Emirates,ARE,2017,,71182.37
United Arab Emirates,ARE,2018,,71550.56
United Arab Emirates,ARE,2020,,67668.29
United Arab Emirates,ARE,2021,,69733.8
Uzbekistan,UZB,1990,,3638.88
Uzbekistan,UZB,1991,,3544.59
Uzbekistan,UZB,1992,,3074.66
Uzbekistan,UZB,1993,,2936.45
Uzbekistan,UZB,1994,,2729.64
Uzbekistan,UZB,1995,,2656.63
Uzbekistan,UZB,1996,,2650.61
Uzbekistan,UZB,1997,,2736.37
Uzbekistan,UZB,1998,,2808.46
Uzbekistan,UZB,1999,,2897.82
Uzbekistan,UZB,2000,,2967.6
Uzbekistan,UZB,2001,,3052.28
Uzbekistan,UZB,2002,,3134.96
Uzbekistan,UZB,2003,,3229.85
Uzbekistan,UZB,2004,,3430.63
Uzbekistan,UZB,2005,,3626.62
Uzbekistan,UZB,2006,,3849.59
Uzbekistan,UZB,2007,,4154.7
Uzbekistan,UZB,2008,,4457.7
Uzbekistan,UZB,2009,,4736
Uzbekistan,UZB,2010,,4953.96
Uzbekistan,UZB,2011,,5185.68
Uzbekistan,UZB,2012,,5472.83
Uzbekistan,UZB,2013,,5781.16
Uzbekistan,UZB,2014,,6075.19
Uzbekistan,UZB,2015,,6401.12
Uzbekistan,UZB,2016,,6663.95
Uzbekistan,UZB,2017,,6840.71
Uzbekistan,UZB,2018,,7082.93
Uzbekistan,UZB,2019,,7348.15
Uzbekistan,UZB,2020,,7344.22
Uzbekistan,UZB,2021,,7734.83
Vietnam,VNM,2019,11.54,10252.01
Vietnam,VNM,1990,,2099.39
Vietnam,VNM,1991,,2177.47
Vietnam,VNM,1992,,2317.27
Vietnam,VNM,1993,,2455.51
Vietnam,VNM,1994,,2623.72
Vietnam,VNM,1995,,2825.02
Vietnam,VNM,1996,,3039.94
Vietnam,VNM,1997,,3239.68
Vietnam,VNM,1998,,3378.9
Vietnam,VNM,1999,,3495.1
Vietnam,VNM,2000,,3690.87
Vietnam,VNM,2001,,3879.34
Vietnam,VNM,2002,,4082.37
Vietnam,VNM,2003,,4319.37
Vietnam,VNM,2004,,4597.76
Vietnam,VNM,2005,,4895.35
Vietnam,VNM,2006,,5186.43
Vietnam,VNM,2007,,5503.07
Vietnam,VNM,2008,,5757.92
Vietnam,VNM,2009,,6006.58
Vietnam,VNM,2010,,6324.53
Vietnam,VNM,2011,,6658.67
Vietnam,VNM,2012,,6950.29
Vietnam,VNM,2013,,7257.73
Vietnam,VNM,2014,,7641.91
Vietnam,VNM,2015,,8091.09
Vietnam,VNM,2016,,8545.7
Vietnam,VNM,2017,,9050.69
Vietnam,VNM,2018,,9636.01
Vietnam,VNM,2020,,10450.62
Vietnam,VNM,2021,,10628.22
Yemen,YEM,2019,10,
Yemen,YEM,2015,,
Yemen Arab Republic,OWID_YAR,2015,,
Yemen People's Republic,OWID_YPR,2015,,
East Timor,TLS,2019,13.34,3737.8
East Timor,TLS,2000,,2314.81
East Timor,TLS,2001,,2649.07
East Timor,TLS,2002,,2426.36
East Timor,TLS,2003,,2329.66
East Timor,TLS,2004,,2291.34
East Timor,TLS,2005,,2303.01
East Timor,TLS,2006,,2152.08
East Timor,TLS,2007,,2315.21
East Timor,TLS,2008,,2520.29
East Timor,TLS,2009,,2717.44
East Timor,TLS,2010,,2908.33
East Timor,TLS,2011,,3013.74
East Timor,TLS,2012,,3091.56
East Timor,TLS,2013,,3121.96
East Timor,TLS,2014,,3197.5
East Timor,TLS,2015,,3228.68
East Timor,TLS,2016,,3286.79
East Timor,TLS,2017,,3138.44
East Timor,TLS,2018,,3070.81
East Timor,TLS,2020,,4856.52
East Timor,TLS,2021,,5032.41
